City ID,City,Cloudiness,Country,Date,Humidity,Lat,Lng,Max Temp,Wind Speed
565,Busselton,97,AU,1596088373,66,-33.65,115.33,64.0,1.99
565,Hobart,20,AU,1596088113,43,-42.88,147.33,57.0,13.87
565,Castro,100,BR,1596088373,96,-24.79,-50.01,48.06,10.09
565,Hermanus,44,ZA,1596088373,92,-34.42,19.23,55.0,6.93
565,Punta Arenas,78,CL,1596088201,87,-53.15,-70.92,33.8,9.17
565,Zyryanka,99,RU,1596088373,46,65.75,150.85,54.77,14.92
565,Broken Hill,0,AU,1596088374,31,-31.95,141.43,60.8,10.29
565,Lüderitz,0,NA,1596088374,58,-26.65,15.16,57.2,3.36
565,Esperance,0,AU,1596088374,49,-33.87,121.9,69.8,19.46
565,Bluff,100,NZ,1596088374,79,-46.6,168.33,52.63,7.74
565,Pisco,90,PE,1596087927,82,-13.7,-76.22,60.8,8.05
565,Vaini,75,TO,1596087628,88,-21.2,-175.2,68.0,10.29
565,Leningradskiy,43,RU,1596087928,77,69.38,178.42,42.06,12.44
565,Puerto Ayora,57,EC,1596087928,92,-0.74,-90.35,66.0,1.99
565,Jamestown,1,US,1596087809,93,42.1,-79.24,66.0,6.93
565,Kaitangata,100,NZ,1596087929,80,-46.28,169.85,50.0,3.0
565,Constitución,87,CL,1596087929,71,-35.33,-72.42,47.08,3.67
565,Westport,20,US,1596087720,83,41.14,-73.36,78.8,4.7
565,Lebu,100,CL,1596087929,80,-37.62,-73.65,44.91,8.37
565,Lavrentiya,100,RU,1596087929,92,65.58,-171.0,46.04,4.14
565,Port Elizabeth,16,ZA,1596087930,72,-33.92,25.57,60.8,21.92
565,Provideniya,90,RU,1596087930,76,64.38,-173.3,51.8,4.47
565,Russellville,40,US,1596087930,94,35.28,-93.13,75.99,1.9
565,Canutama,26,BR,1596087930,60,-6.53,-64.38,73.54,2.01
565,Okhotsk,100,RU,1596087930,77,59.38,143.3,56.48,4.32
565,Chui,0,UY,1596087931,90,-33.7,-53.46,40.59,3.96
565,Bambous Virieux,40,MU,1596087931,73,-20.34,57.76,75.0,11.41
565,Mataura,100,NZ,1596087931,80,-46.19,168.86,50.99,2.86
565,Carnarvon,0,AU,1596087931,33,-24.87,113.63,75.2,9.17
565,Calatayud,19,ES,1596087931,88,41.35,-1.64,73.4,1.95
565,Cape Town,75,ZA,1596087931,100,-33.93,18.42,55.0,5.82
565,Ancud,100,CL,1596087932,100,-41.87,-73.82,42.01,9.17
565,Ushuaia,20,AR,1596087932,74,-54.8,-68.3,35.6,10.29
565,Albany,29,US,1596087907,69,42.6,-73.97,70.0,4.52
565,Omaruru,0,NA,1596087932,43,-21.43,15.93,49.93,6.62
565,Rikitea,99,PF,1596087932,87,-23.12,-134.97,72.81,15.26
565,Glenwood Springs,1,US,1596087932,37,39.55,-107.32,69.8,4.7
565,Bengkulu,87,ID,1596087932,69,-3.8,102.27,84.51,8.61
565,Wad Rāwah,70,SD,1596087932,60,15.16,33.14,82.49,17.22
565,Koumac,37,NC,1596087933,81,-20.57,164.28,76.44,3.89
565,Bredasdorp,50,ZA,1596087933,82,-34.53,20.04,57.2,12.75
565,Comodoro Rivadavia,55,AR,1596087933,75,-45.87,-67.5,32.0,1.12
565,Natá,78,PA,1596087933,71,8.33,-80.52,78.01,2.8
565,Barrow,90,US,1596087901,87,71.29,-156.79,42.8,13.87
565,Tuktoyaktuk,75,CA,1596087934,82,69.45,-133.04,55.4,10.29
565,Saldanha,1,ZA,1596087934,87,-33.01,17.94,51.8,1.12
565,São Filipe,90,CV,1596087934,86,14.9,-24.5,76.51,9.4
565,Kapaa,75,US,1596087934,88,22.08,-159.32,75.2,20.8
565,Marzuq,27,YE,1596087934,47,14.4,46.47,82.38,5.59
565,Margate,31,GB,1596087934,78,51.38,1.39,61.0,9.48
565,Rāzole,93,IN,1596087935,61,16.48,81.83,90.61,5.06
565,Bosaso,26,SO,1596087935,39,11.28,49.18,95.0,12.75
565,Nome,90,US,1596087936,87,64.5,-165.41,52.0,10.29
565,Kochki,10,RU,1596087936,60,54.34,80.48,65.68,13.49
565,The Pas,1,CA,1596087936,88,53.83,-101.25,64.4,6.93
565,Hamilton,1,US,1596087930,83,39.18,-84.53,77.0,0.4
565,Yumaguzino,53,RU,1596087937,65,52.9,56.39,72.52,4.21
565,Tigil',6,RU,1596087937,57,57.8,158.67,59.72,12.82
565,Parabel',68,RU,1596087937,75,58.7,81.48,63.81,11.59
565,Khilok,63,RU,1596087937,41,51.37,110.47,82.6,3.49
565,Manuk Mangkaw,100,PH,1596087937,77,4.8,119.85,84.33,18.81
565,Healdsburg,20,US,1596087937,93,38.61,-122.87,57.99,6.93
565,São João da Barra,54,BR,1596087938,85,-21.64,-41.05,70.83,10.45
565,Hambantota,75,LK,1596087938,74,6.12,81.12,86.0,8.05
565,Santiago del Estero,47,AR,1596087938,55,-27.8,-64.26,43.63,7.36
565,Hilo,90,US,1596087938,69,19.73,-155.09,78.8,5.82
565,Shenjiamen,50,CN,1596087938,86,29.96,122.3,83.26,13.87
565,Yellowknife,75,CA,1596087669,93,62.46,-114.35,60.01,8.05
565,Guerrero Negro,5,MX,1596087939,85,27.98,-114.06,67.96,9.24
565,Turukhansk,100,RU,1596087939,88,65.82,87.98,60.21,12.17
565,Butaritari,64,KI,1596087939,74,3.07,172.79,82.67,10.78
565,Naze,20,JP,1596087940,70,28.37,129.48,89.6,9.17
565,Berlevåg,71,NO,1596087940,81,70.86,29.09,51.8,16.11
565,Qena,5,EG,1596087940,21,26.16,32.72,97.02,4.74
565,Atuona,2,PF,1596087940,71,-9.8,-139.03,79.45,19.73
565,Townsville,0,AU,1596087929,50,-19.25,146.8,75.2,18.34
565,Gainesville,20,US,1596087939,100,29.65,-82.32,75.99,3.18
565,Cabo San Lucas,15,MX,1596087941,76,22.89,-109.91,80.01,9.37
565,Birjand,0,IR,1596087941,17,32.87,59.22,82.4,4.7
565,Port Lincoln,11,AU,1596087941,66,-34.73,135.87,59.31,3.58
565,Kruisfontein,14,ZA,1596087942,77,-34.0,24.73,55.0,3.0
565,Camabatela,2,AO,1596087942,76,-8.19,15.38,57.38,2.19
565,Mahébourg,40,MU,1596087942,73,-20.41,57.7,73.4,11.41
565,Vao,82,NC,1596087942,85,-22.67,167.48,72.3,22.46
565,Bathsheba,20,BB,1596087942,78,13.22,-59.52,82.4,13.87
565,La Palma,1,US,1596087942,72,33.85,-118.05,66.2,5.06
565,Nyurba,60,RU,1596087943,43,63.28,118.33,68.14,6.33
565,Elko,1,US,1596087943,22,41.0,-115.5,75.2,2.84
565,Maniitsoq,47,GL,1596087943,78,65.42,-52.9,45.95,1.01
565,Olinda,75,BR,1596087943,69,-8.01,-34.86,77.0,12.75
565,Harper,99,LR,1596087943,86,4.38,-7.72,74.91,10.09
565,Olafsvik,100,IS,1596087944,88,64.89,-23.71,50.61,8.28
565,Arvika,1,SE,1596087944,100,59.66,12.59,55.99,4.7
565,Mar del Plata,52,AR,1596087944,86,-38.0,-57.56,42.01,4.7
565,Honningsvåg,20,NO,1596087945,67,70.98,25.97,59.0,11.41
565,White Rock,0,CA,1596087673,84,49.02,-122.8,66.99,2.75
565,Mil'kovo,97,RU,1596087945,73,54.72,158.62,64.06,1.83
565,Fortuna,1,US,1596087945,93,40.6,-124.16,55.99,2.98
565,City of San Pedro,100,PH,1596087945,66,14.35,121.02,87.8,9.17
565,Vardø,75,NO,1596087945,76,70.37,31.11,53.6,23.04
565,Rome,75,US,1596087874,93,43.21,-75.46,66.2,2.64
565,Port Alfred,9,ZA,1596087946,62,-33.59,26.89,59.92,20.92
565,Moyale,54,KE,1596087946,72,3.52,39.06,68.77,11.14
565,Half Moon Bay,90,US,1596087946,93,37.46,-122.43,61.0,4.7
565,Leshukonskoye,49,RU,1596087946,49,64.9,45.76,64.65,8.03
565,Hithadhoo,63,MV,1596087946,78,-0.6,73.08,83.23,12.53
565,Sōja,75,JP,1596087946,70,34.67,133.75,91.99,9.17
565,Sinnamary,44,GF,1596087947,82,5.38,-52.95,77.83,6.51
565,Avarua,50,CK,1596087947,77,-21.21,-159.78,68.0,8.05
565,Minna,95,NG,1596087947,96,9.61,6.56,71.47,6.55
565,Zeya,14,RU,1596087948,37,53.75,127.27,90.95,5.08
565,Voinka,0,UA,1596087948,61,45.87,33.99,79.29,1.43
565,Terrace,75,CA,1596087949,45,54.52,-128.6,68.0,6.93
565,Pervomayskiy,100,RU,1596087949,84,53.25,40.29,68.47,11.1
565,Kahului,20,US,1596087949,61,20.89,-156.47,80.6,14.99
565,Priargunsk,100,RU,1596087949,69,50.37,119.1,74.59,6.13
565,Pacocha,53,PE,1596087949,77,-17.58,-71.33,56.91,1.95
565,Nicolás Bravo,86,MX,1596087950,98,18.45,-88.92,74.44,2.59
565,Muroto-misakicho,20,JP,1596087950,79,33.28,134.15,84.2,6.93
565,Qaanaaq,0,GL,1596087950,76,77.48,-69.36,37.45,3.2
565,Norman Wells,75,CA,1596087882,87,65.28,-126.83,57.2,4.7
565,Deputatsky,17,RU,1596087950,47,69.3,139.9,53.2,8.05
565,Saskylakh,12,RU,1596087951,46,71.92,114.08,65.25,6.17
565,Lompoc,90,US,1596087933,87,34.64,-120.46,59.0,5.82
565,Mehamn,12,NO,1596087951,67,71.04,27.85,57.2,11.41
565,Esim,65,GH,1596087951,85,4.87,-2.24,74.34,7.74
565,Torbay,90,CA,1596087951,93,47.67,-52.73,55.0,6.93
565,Easton,1,US,1596087951,68,40.69,-75.22,73.0,2.26
565,Adeje,40,ES,1596087952,72,28.12,-16.73,72.0,8.05
565,Boissevain,1,CA,1596087952,100,49.23,-100.06,66.0,7.72
565,Sovetskiy,93,RU,1596087934,56,61.36,63.58,64.67,4.72
565,Nikolskoye,20,RU,1596087952,77,59.7,30.79,61.0,6.71
565,Béjar,0,ES,1596087952,61,40.39,-5.76,73.0,4.63
565,Yangi Marg`ilon,0,UZ,1596087952,23,40.43,71.72,86.0,4.7
565,Trincomalee,100,LK,1596087953,68,8.57,81.23,86.59,14.74
565,Pirapora,37,BR,1596087953,60,-17.34,-44.94,63.21,1.63
565,Dingle,91,PH,1596087953,72,11.0,122.67,86.79,14.47
565,Kaeo,100,NZ,1596087953,3,-35.1,173.78,57.99,5.01
565,Baykit,100,RU,1596087953,44,61.67,96.37,72.52,10.94
565,Trairi,8,BR,1596087953,77,-3.28,-39.27,77.34,13.6
565,Lorengau,64,PG,1596087953,66,-2.02,147.27,85.64,8.01
565,Kota Belud,20,MY,1596087709,79,6.35,116.43,84.2,14.99
565,Nova Olinda do Norte,35,BR,1596087954,59,-3.89,-59.09,70.43,1.52
565,Wismar,16,DE,1596087761,81,53.9,11.47,59.0,5.01
565,Sydney,40,AU,1596087870,63,-33.87,151.21,64.0,18.34
565,Cherskiy,38,RU,1596087954,65,68.75,161.3,48.65,18.9
565,Adra,18,ES,1596087954,65,36.75,-3.02,80.6,4.7
565,Cidreira,93,BR,1596087954,71,-30.18,-50.21,49.8,2.77
565,Davila,75,PH,1596087955,74,18.47,120.58,87.8,6.93
565,Dikson,23,RU,1596087955,76,73.51,80.55,50.88,5.17
565,Katsuura,99,JP,1596087955,79,35.13,140.3,79.0,1.99
565,Xai-Xai,0,MZ,1596087956,74,-25.05,33.64,66.07,2.66
565,Rundu,0,NA,1596087956,46,-17.93,19.77,50.31,6.15
565,Kavieng,19,PG,1596087956,69,-2.57,150.8,85.24,8.55
565,Quatre Cocos,40,MU,1596087956,73,-20.21,57.76,75.0,11.41
565,Tiksi,75,RU,1596087957,79,71.69,128.87,42.57,7.74
565,Waiuku,100,NZ,1596087957,67,-37.25,174.75,57.99,10.29
565,Fare,93,PF,1596087957,79,-16.7,-151.02,79.84,17.56
565,Saint-Philippe,75,RE,1596087957,69,-21.36,55.77,75.99,2.24
565,Thompson,20,CA,1596087957,93,55.74,-97.86,59.0,2.24
565,Dunedin,100,NZ,1596087957,88,-45.87,170.5,48.99,1.99
565,Oussouye,100,SN,1596087958,93,12.48,-16.55,76.06,10.96
565,Mahabalipuram,75,IN,1596087958,62,12.63,80.17,89.6,9.17
565,East London,0,ZA,1596087958,67,-33.02,27.91,57.2,8.05
565,Ixtapa,90,MX,1596087958,100,20.7,-105.2,77.0,3.36
565,Sarh,100,TD,1596087958,92,9.14,18.39,70.05,2.35
565,Raudeberg,75,NO,1596087959,87,61.99,5.14,62.01,8.05
565,Cooma,1,AU,1596087959,61,-36.23,149.13,46.4,13.87
565,Havøysund,20,NO,1596087959,67,71.0,24.66,64.4,11.41
565,Alyangula,0,AU,1596087959,44,-13.85,136.42,80.6,10.29
565,Sola,72,VU,1596087959,83,-13.88,167.55,80.73,18.25
565,Kiryat Gat,0,IL,1596087959,56,31.61,34.76,82.99,4.0
565,Kysyl-Syr,22,RU,1596087960,38,63.9,122.76,72.5,4.61
565,Natal,75,BR,1596087960,94,-5.79,-35.21,71.6,5.82
565,Ponta do Sol,40,PT,1596087960,64,32.67,-17.1,69.8,6.93
565,Neyshabur,0,IR,1596087960,20,36.21,58.8,85.3,3.69
565,Tabuk,95,PH,1596087961,84,17.42,121.44,80.51,3.36
565,Troitskoye,98,RU,1596087961,56,52.98,84.68,69.93,11.39
565,Sol'-Iletsk,0,RU,1596087961,38,51.16,54.99,80.06,3.22
565,Vila Franca do Campo,40,PT,1596087961,94,37.72,-25.43,71.6,13.87
565,Isangel,28,VU,1596087962,80,-19.55,169.27,75.38,15.26
565,Naples,0,IT,1596087962,65,40.83,14.25,79.0,2.24
565,San Policarpo,100,PH,1596087962,79,12.18,125.51,84.65,8.7
565,Abhā,99,SA,1596087962,64,18.22,42.51,69.8,5.82
565,Tres Arroyos,25,AR,1596087962,77,-38.37,-60.28,37.63,10.4
565,Makkah al Mukarramah,6,SA,1596087963,58,21.43,39.83,88.68,16.49
565,George Town,40,MY,1596087802,62,5.41,100.34,89.6,8.05
565,Upernavik,12,GL,1596087963,86,72.79,-56.15,41.25,4.16
565,Ullal,75,IN,1596087963,94,12.8,74.85,78.8,3.36
565,Navoloki,100,RU,1596087963,88,57.47,41.96,67.14,10.16
565,Ţahţā,6,EG,1596087963,35,26.77,31.5,92.05,14.81
565,Iralaya,97,HN,1596087963,85,15.0,-83.23,81.28,10.33
565,Kīhei,20,US,1596087964,61,20.79,-156.47,80.6,14.99
565,Alekseyevsk,84,RU,1596087964,57,57.84,108.35,67.89,6.2
565,Rabaul,36,PG,1596087964,74,-4.2,152.17,84.69,9.73
565,Hokitika,100,NZ,1596087964,73,-42.72,170.97,53.38,3.36
565,Solnechnyy,73,RU,1596087964,60,50.72,136.63,85.75,5.99
565,Birao,66,CF,1596087964,90,10.28,22.79,71.51,5.68
565,Lukovetskiy,20,RU,1596087964,72,64.3,41.92,64.4,11.18
565,Almaznyy,12,RU,1596087965,47,48.04,40.05,78.8,2.93
565,Esil,18,KZ,1596087965,47,51.96,66.4,76.91,9.93
565,Kavaratti,90,IN,1596087965,78,10.57,72.64,82.4,5.82
565,Kresttsy,2,RU,1596087965,81,58.25,32.52,59.61,8.19
565,Hurghada,41,EG,1596087965,41,27.26,33.81,89.6,16.67
565,Chokurdakh,71,RU,1596087965,51,70.63,147.92,56.05,10.33
565,Flinders,28,AU,1596087965,60,-34.58,150.86,64.0,7.0
565,Griffith,40,US,1596087708,60,41.53,-87.42,77.0,5.82
565,Severnyy,75,RU,1596087966,82,50.68,36.55,68.0,2.24
565,Badarwās,35,IN,1596087966,55,24.97,77.57,88.97,3.65
565,Faanui,95,PF,1596087966,81,-16.48,-151.75,79.56,16.62
565,Meulaboh,93,ID,1596087966,57,4.14,96.13,86.63,4.07
565,Alta Floresta,1,BR,1596087966,56,-9.88,-56.09,67.51,3.98
565,Mnogovershinnyy,98,RU,1596087967,67,53.94,139.92,73.02,10.96
565,George Town,40,MY,1596087802,62,5.41,100.34,89.6,8.05
565,College,20,US,1596087769,68,64.86,-147.8,66.2,3.36
565,Itarema,12,BR,1596087967,86,-2.92,-39.92,76.23,13.24
565,Yemel'yanovo,40,RU,1596087967,68,56.17,92.68,68.0,8.95
565,San Jose,1,US,1596087778,77,37.34,-121.89,66.0,6.93
565,Cowansville,40,CA,1596087967,88,45.2,-72.75,68.0,3.36
565,Muros,0,ES,1596087968,91,42.78,-9.06,64.0,1.99
565,Byron Bay,75,AU,1596087968,63,-28.65,153.62,66.2,18.34
565,Dwārka,100,IN,1596087919,73,22.24,68.97,86.52,12.55
565,Champerico,97,GT,1596087968,82,14.3,-91.92,79.74,6.02
565,Eureka,1,US,1596087968,100,40.8,-124.16,55.99,3.2
565,Saint Paul Harbor,1,US,1596087730,72,57.79,-152.41,60.8,8.05
565,Nouna,0,BF,1596087968,84,12.73,-3.87,75.6,7.38
565,Codrington,65,AU,1596087968,70,-38.27,141.97,55.17,5.3
565,Virginia Beach,20,US,1596087969,83,36.85,-75.98,80.01,5.82
565,Alofi,38,NU,1596087951,73,-19.06,-169.92,71.6,16.11
565,Sibolga,87,ID,1596087969,54,1.74,98.78,86.63,4.0
565,Polyarny,40,RU,1596087969,67,69.2,33.45,57.2,13.42
565,Xining,83,CN,1596087969,51,36.62,101.77,75.0,3.09
565,Teknāf,100,BD,1596087970,71,20.86,92.31,87.03,9.6
565,Palmer,75,US,1596087731,88,42.16,-72.33,69.01,5.82
565,Catuday,100,PH,1596087970,88,16.29,119.81,78.22,10.58
565,New Norfolk,69,AU,1596087970,65,-42.78,147.06,57.0,7.0
565,Geraldton,0,AU,1596087971,49,-28.77,114.6,69.8,5.82
565,Zhigansk,0,RU,1596087971,50,66.77,123.37,61.07,17.29
565,Guane,0,CU,1596087971,88,22.2,-84.09,77.2,6.82
565,Neuruppin,28,DE,1596087971,74,52.93,12.8,57.99,9.1
565,Tasiilaq,36,GL,1596087971,86,65.61,-37.64,39.2,1.95
565,Coyhaique,100,CL,1596087971,86,-45.58,-72.07,30.2,3.36
565,Ulladulla,40,AU,1596087972,51,-35.35,150.47,60.8,11.41
565,Severo-Kuril'sk,89,RU,1596087972,81,50.68,156.12,57.79,12.59
565,Magistral'nyy,79,RU,1596087972,48,56.17,107.45,76.98,5.17
565,Sayyan,80,YE,1596087972,69,15.17,44.32,64.49,3.62
565,Östersund,100,SE,1596087972,100,63.18,14.64,53.6,10.29
565,Bilma,6,NE,1596087972,14,18.69,12.92,90.7,14.5
565,Karratha,0,AU,1596087722,24,-20.74,116.85,79.45,15.9
565,Saint George,1,US,1596087925,8,37.1,-113.58,89.6,4.7
565,Ahipara,100,NZ,1596087973,85,-35.17,173.17,56.77,9.91
565,Springbok,0,ZA,1596087973,57,-29.66,17.89,43.81,5.21
565,Henties Bay,0,NA,1596087973,94,-22.12,14.28,53.01,1.01
565,Padang,53,ID,1596087973,65,-0.95,100.35,86.09,7.2
565,Maceió,40,BR,1596087973,94,-9.67,-35.74,69.8,4.7
565,Khatanga,75,RU,1596087974,48,71.97,102.5,70.84,11.61
565,Sørland,74,NO,1596087974,82,67.67,12.69,59.0,11.41
565,Canavieiras,1,BR,1596087974,85,-15.68,-38.95,64.6,4.85
565,Luohe,34,CN,1596087974,57,33.57,114.04,90.7,3.51
565,Belmonte,1,BR,1596087974,93,-15.86,-38.88,62.6,4.7
565,Kakamega,60,KE,1596087974,77,0.28,34.75,66.2,4.07
565,Longyearbyen,11,SJ,1596087975,76,78.22,15.64,53.6,2.24
565,Cancún,75,MX,1596087703,79,21.17,-86.85,84.2,8.05
565,San Carlos,99,VE,1596087975,93,9.66,-68.58,73.81,1.1
565,Ténenkou,1,ML,1596087975,68,14.46,-4.92,80.4,9.48
565,Machakos,40,KE,1596087975,87,-1.52,37.27,59.0,4.7
565,Pallipattu,20,IN,1596087975,79,13.34,79.44,84.2,2.24
565,Huruta,100,ET,1596087975,69,8.15,39.35,63.86,10.31
565,Valverde del Camino,0,ES,1596087976,63,37.58,-6.75,73.99,1.01
565,Bethel,40,US,1596087976,88,41.37,-73.41,75.2,1.95
565,Pangody,44,RU,1596087976,54,65.85,74.49,64.45,11.1
565,Pevek,95,RU,1596087976,91,69.7,170.31,36.66,8.66
565,Egvekinot,100,RU,1596087976,87,66.32,-179.17,46.89,1.92
565,Alappuzha,44,IN,1596087976,77,9.49,76.33,80.78,1.74
565,Airai,38,TL,1596087976,51,-8.93,125.41,71.17,4.29
565,Sokolo,0,ML,1596087976,74,14.73,-6.12,79.3,8.55
565,Srandakan,30,ID,1596087977,55,-7.94,110.25,80.47,11.03
565,Māngrol,100,IN,1596087977,77,21.12,70.12,84.72,13.53
565,Luján,0,AR,1596087977,64,-34.57,-59.1,41.0,1.99
565,Husavik,75,IS,1596087977,93,66.04,-17.34,42.8,3.36
565,San Patricio,100,MX,1596087977,79,19.22,-104.7,79.5,3.67
565,Aripuanã,2,BR,1596087978,55,-9.17,-60.63,70.03,1.81
565,Yar-Sale,15,RU,1596087978,58,66.83,70.83,63.03,6.53
565,San Felipe,100,VE,1596087979,91,10.34,-68.74,72.88,3.65
565,Gaoua,8,BF,1596087979,92,10.3,-3.25,70.66,4.12
565,Kumul,96,CN,1596087979,13,42.8,93.45,92.5,3.62
565,Hong Kong,40,HK,1596087966,47,22.29,114.16,96.01,11.41
565,Tautira,75,PF,1596087980,88,-17.73,-149.15,78.8,14.99
565,Arraial do Cabo,98,BR,1596087933,86,-22.97,-42.03,69.49,8.43
565,Verkhnevilyuysk,86,RU,1596087980,38,63.45,120.32,69.71,4.61
565,Vanimo,53,PG,1596087981,70,-2.67,141.3,84.81,8.21
565,San Lazaro,88,BZ,1596087981,97,18.04,-88.66,76.14,4.54
565,Port Moresby,40,PG,1596087981,78,-9.44,147.18,80.6,17.22
565,Marawi,95,PH,1596087981,80,8.0,124.29,84.99,8.99
565,Sitka,1,US,1596087773,68,57.05,-135.33,64.4,4.7
565,Kapoeta,73,SS,1596087981,67,4.77,33.59,78.75,3.87
565,Micheweni,65,TZ,1596087981,82,-4.97,39.83,77.61,14.79
565,Nemuro,40,JP,1596087982,61,43.32,145.57,77.0,16.11
565,Pangnirtung,61,CA,1596087982,81,66.15,-65.71,50.38,3.06
565,Turnu Roşu,0,RO,1596087982,82,45.63,24.3,70.0,4.7
565,Rio Grande,0,BR,1596087982,77,-32.03,-52.1,44.28,1.95
565,Salalah,90,OM,1596087982,94,17.02,54.09,82.4,8.05
565,Hutchinson,20,US,1596087982,88,38.06,-97.93,69.8,3.36
565,San Cristobal,100,VE,1596087983,92,7.77,-72.22,66.33,1.92
565,Viedma,45,AR,1596087983,74,-40.81,-63.0,37.99,12.59
565,Saint-Pierre,75,RE,1596087793,69,-21.34,55.48,73.4,4.7
565,Vostok,10,RU,1596087983,52,46.49,135.88,80.67,6.69
565,Rawlins,1,US,1596087983,67,41.79,-107.24,57.99,8.05
565,Narsaq,100,GL,1596087983,87,60.92,-46.05,46.4,5.82
565,Bozeman,1,US,1596087984,55,45.68,-111.04,64.99,8.05
565,Talnakh,41,RU,1596087984,52,69.49,88.4,68.0,13.42
565,Agüimes,75,ES,1596087984,68,27.91,-15.45,71.6,26.4
565,Yerbogachën,100,RU,1596087984,53,61.28,108.01,68.76,13.04
565,Atar,9,MR,1596087984,55,20.52,-13.05,77.49,7.7
565,Rawson,81,AR,1596087984,64,-43.3,-65.1,41.5,12.35
565,Ambon City,75,ID,1596087985,94,-3.7,128.18,82.0,8.05
565,Taungdwingyi,75,MM,1596087985,73,20.02,95.55,85.62,9.24
565,Xinyu,95,CN,1596087985,56,27.8,114.93,93.16,3.65
565,Ilulissat,90,GL,1596087985,93,69.22,-51.1,39.2,4.27
565,Broome,75,US,1596087985,93,42.25,-75.83,66.99,4.7
565,Cayenne,81,GF,1596087985,88,4.93,-52.33,78.8,5.48
565,Gornopravdinsk,54,RU,1596087985,40,60.05,69.9,67.01,3.06
565,The Valley,75,AI,1596087817,88,18.22,-63.06,82.0,26.4
565,Foam Lake,27,CA,1596087986,89,51.65,-103.53,65.34,9.53
565,Winneba,20,GH,1596087986,88,5.35,-0.62,75.2,8.05
565,Pontianak,50,ID,1596087986,55,-0.03,109.33,88.3,7.27
565,Skjervøy,86,NO,1596087986,68,70.03,20.97,66.2,11.41
565,Chapais,75,CA,1596087986,93,49.78,-74.85,60.8,3.36
565,Portel,9,BR,1596087986,86,-1.94,-50.82,72.59,1.1
565,Souillac,40,MU,1596087986,73,-20.52,57.52,73.4,11.41
565,Sur,87,OM,1596087987,45,22.57,59.53,96.82,2.77
565,Fort Nelson,20,CA,1596087935,87,58.81,-122.7,59.0,2.24
565,La Ronge,20,CA,1596087987,73,55.1,-105.28,71.6,2.24
565,Touros,75,BR,1596087987,94,-5.2,-35.46,71.6,5.82
565,Maun,0,BW,1596087987,57,-19.98,23.42,50.0,6.93
565,Sarakhs,0,IR,1596087987,20,36.54,61.16,93.2,5.39
565,Nanortalik,57,GL,1596087987,92,60.14,-45.24,45.16,1.5
565,Mānsa,95,IN,1596087988,74,29.98,75.38,84.24,7.61
565,Port Hardy,20,CA,1596087988,82,50.7,-127.42,57.2,5.44
565,Wolgast,2,DE,1596087988,81,54.05,13.77,55.0,1.01
565,Bubaque,100,GW,1596087989,86,11.28,-15.83,78.55,16.4
565,Ukiah,1,US,1596087989,33,39.15,-123.21,77.0,2.1
565,Skibbereen,75,IE,1596087989,93,51.55,-9.27,59.0,11.41
565,Khuzdar,73,PK,1596087989,20,27.74,66.64,94.91,2.98
565,Mont-Dore,41,NC,1596087989,61,-22.28,166.58,80.6,10.29
565,Brae,75,GB,1596087990,93,60.4,-1.35,51.8,17.22
565,Santoña,5,ES,1596087991,93,43.44,-3.46,69.01,1.12
565,Puerto Madero,98,MX,1596087991,77,14.72,-92.42,80.64,4.36
565,Southbridge,9,US,1596087991,94,42.08,-72.03,71.01,2.53
565,San Martín,0,AR,1596087991,60,-33.08,-68.47,41.0,3.62
565,Sorong,56,ID,1596087991,76,-0.88,131.25,84.42,7.81
565,Jalu,2,LY,1596087991,42,29.03,21.55,81.95,5.7
565,Qui Nhon,50,VN,1596087882,60,13.77,109.23,88.93,9.01
565,Muscat,28,OM,1596087937,37,23.61,58.59,102.2,5.82
565,Kachīry,1,KZ,1596087992,39,53.07,76.1,68.4,9.69
565,Soyo,72,AO,1596087992,78,-6.13,12.37,72.46,10.65
565,Sulangan,89,PH,1596087992,71,11.14,123.72,85.1,9.17
565,Buchanan,75,LR,1596087992,100,5.88,-10.05,73.4,6.53
565,Marstal,75,DK,1596087992,87,54.86,10.52,57.2,10.29
565,Pacific Grove,18,US,1596087993,93,36.62,-121.92,59.0,1.01
565,Winnemucca,1,US,1596087993,13,40.97,-117.74,80.6,0.87
565,Boralday,20,KZ,1596087993,34,43.36,76.86,78.8,11.18
565,Lagoa,83,PT,1596087993,92,39.05,-27.98,73.83,26.06
565,Pacifica,90,US,1596087885,93,37.61,-122.49,60.01,4.7
565,Cândido Mendes,0,BR,1596087993,96,-1.45,-45.72,72.77,0.94
565,Buala,32,SB,1596087994,69,-8.14,159.59,85.14,1.9
565,Kousséri,20,CM,1596087994,78,12.08,15.03,75.2,19.46
565,Pathanāmthitta,57,IN,1596087828,68,9.27,76.78,85.03,4.18
565,Kununurra,0,AU,1596087994,12,-15.77,128.73,84.2,10.29
565,Harlingen,1,US,1596087994,88,26.19,-97.7,79.0,5.82
565,Port-Cartier,90,CA,1596087994,100,50.03,-66.87,59.0,9.17
565,Dayong,20,CN,1596087994,63,25.02,118.29,93.2,8.95
565,Karpogory,99,RU,1596087995,58,64.0,44.45,66.2,8.72
565,Kupang,20,ID,1596087824,35,-10.17,123.58,86.0,5.82
565,Lamu,11,KE,1596087995,78,-2.27,40.9,79.39,11.21
565,Kazachinskoye,0,RU,1596087995,40,57.7,93.28,81.59,5.41
565,Mayo,1,US,1596087995,74,38.89,-76.51,82.4,7.58
565,Clyde River,90,CA,1596087995,100,70.47,-68.59,39.2,9.17
565,Bedford,83,GB,1596087996,90,52.13,-0.47,64.0,4.12
565,Schärding,0,AT,1596087996,90,48.45,13.44,63.0,1.34
565,Payakumbuh,58,ID,1596087996,54,-0.22,100.63,86.63,1.52
565,Lucknow,92,IN,1596087853,57,26.85,80.92,91.49,3.31
565,Upata,90,VE,1596087996,92,8.01,-62.4,77.0,3.62
565,Akhmīm,0,EG,1596087997,34,26.56,31.75,93.06,14.18
565,Tete,11,MZ,1596087997,87,-16.16,33.59,57.2,5.53
565,La Santisima Trinidad,75,BO,1596087997,29,-14.83,-64.9,65.19,7.65
565,Narwar,71,IN,1596087998,55,25.65,77.9,89.83,3.29
565,Swan River,83,CA,1596087998,90,52.11,-101.27,64.74,0.98
565,Bludenz,0,AT,1596087998,10,47.15,9.82,64.99,1.81
565,Kailua,40,US,1596087999,69,21.4,-157.74,80.6,14.99
565,Tazovsky,64,RU,1596087999,52,67.47,78.7,60.4,5.53
565,Saint Anthony,1,US,1596087891,72,45.02,-93.22,72.0,6.6
565,Itaituba,14,BR,1596087999,59,-4.28,-55.98,69.24,1.07
565,Rūdbār,1,AF,1596087999,13,30.15,62.6,98.04,11.48
565,Adrar,53,MR,1596087999,44,20.5,-10.07,87.19,5.21
565,Podgornoye,75,RU,1596087999,82,51.73,39.15,66.2,6.71
565,Quiindy,0,PY,1596087999,93,-25.97,-57.27,39.87,5.59
565,Jaguaruna,50,BR,1596088000,78,-28.61,-49.03,47.17,7.09
565,Artesia,1,US,1596087977,88,33.87,-118.08,66.2,6.93
565,Tigzirt,7,DZ,1596088000,39,36.89,4.12,85.28,3.38
565,Takoradze,47,GH,1596088000,86,4.88,-1.76,74.55,8.03
565,El Cobre,20,CU,1596088000,78,20.05,-75.95,80.6,9.17
565,Oxford,56,GB,1596088000,93,51.75,-1.26,60.01,5.12
565,Caravelas,0,BR,1596088000,75,-17.71,-39.25,66.16,0.47
565,Qasigiannguit,58,GL,1596088001,93,68.82,-51.19,39.2,2.77
565,Wenling,73,CN,1596088001,48,28.37,121.36,84.99,10.69
565,Mount Gambier,90,AU,1596087878,71,-37.83,140.77,55.4,6.93
565,Safford,1,US,1596088001,22,32.83,-109.71,91.4,3.36
565,Ribas do Rio Pardo,8,BR,1596088001,84,-20.44,-53.76,55.54,5.23
565,Krasne,4,UA,1596088001,88,49.91,24.61,68.0,1.86
565,Bocana de Paiwas,93,NI,1596088002,94,12.79,-85.12,73.9,6.24
565,Ilorin,44,NG,1596088002,88,8.5,4.55,69.35,7.43
565,Tuy Hoa,74,VN,1596087756,55,13.08,109.3,93.63,7.05
565,Beïnamar,100,TD,1596088002,96,8.67,15.38,67.57,5.93
565,Mahdasht,20,IR,1596088002,57,35.73,50.81,77.0,13.87
565,Danbury,40,US,1596087777,88,41.39,-73.45,75.2,1.77
565,Kovūr,100,IN,1596088002,53,14.48,79.98,91.13,10.56
565,Makakilo City,20,US,1596088003,61,21.35,-158.09,80.6,6.93
565,Horodkivka,13,UA,1596088003,77,49.91,28.98,69.06,4.16
565,Vestmannaeyjar,63,IS,1596088003,89,63.44,-20.27,51.84,8.97
565,Saint-François,10,FR,1596088003,67,46.42,3.91,66.0,2.24
565,Unión Hidalgo,93,MX,1596088003,85,16.47,-94.83,78.57,5.66
565,Luangwa,0,ZM,1596088003,61,-15.62,30.42,66.07,2.42
565,Usinsk,5,RU,1596088003,52,65.99,57.53,61.5,7.78
565,Igarka,100,RU,1596088003,62,67.47,86.58,66.15,19.04
565,Salta,0,AR,1596088004,80,-24.79,-65.41,33.8,2.24
565,Taitung City,75,TW,1596087847,74,22.76,121.14,82.4,5.82
565,Pālampur,65,IN,1596088004,68,32.12,76.53,77.32,4.25
565,Port-Gentil,90,GA,1596088005,83,-0.72,8.78,77.0,11.32
565,Tateyama,75,JP,1596088005,88,34.98,139.87,78.01,10.29
565,Grand Gaube,66,MU,1596088005,71,-20.01,57.66,75.0,8.99
565,Mato Verde,7,BR,1596088005,74,-15.4,-42.87,60.58,5.01
565,Riyadh,6,SA,1596087869,24,24.69,46.72,100.4,15.5
565,Haines Junction,4,CA,1596088006,68,60.75,-137.51,58.73,2.68
565,Ocampo,100,MX,1596088006,87,21.65,-101.5,60.12,4.7
565,Ondjiva,0,AO,1596088006,44,-17.07,15.73,50.7,5.99
565,Dongsheng,99,CN,1596088006,26,39.82,109.98,87.48,17.6
565,Calama,0,CL,1596088006,9,-22.47,-68.93,30.2,19.46
565,Plettenberg Bay,30,ZA,1596088007,69,-34.05,23.37,59.09,11.3
565,Kenai,1,US,1596088007,77,60.55,-151.26,64.4,10.29
565,Arman',66,RU,1596088007,40,59.7,150.17,62.04,19.93
565,Araouane,86,ML,1596088007,43,18.9,-3.53,89.44,6.91
565,Luba,40,GQ,1596088007,100,3.46,8.55,75.2,3.36
565,Maragheh,0,IR,1596088007,44,37.39,46.24,80.6,18.34
565,Beringovskiy,90,RU,1596088007,84,63.05,179.32,53.6,8.32
565,Gunjur,97,GM,1596088008,86,13.2,-16.73,78.75,14.63
565,Berdigestyakh,65,RU,1596088008,39,62.1,126.7,74.79,4.81
565,Ilhabela,100,BR,1596087779,90,-23.78,-45.36,66.25,10.67
565,U Thong,57,TH,1596088008,45,14.38,99.89,95.29,6.8
565,Mollendo,53,PE,1596088008,80,-17.02,-72.01,56.88,5.88
565,Fairbanks,1,US,1596087966,68,64.84,-147.72,66.2,3.36
565,Bonthe,93,SL,1596088009,86,7.53,-12.51,75.61,8.5
565,Freeport,1,US,1596087891,61,40.66,-73.58,81.0,5.82
565,Gwanda,0,ZW,1596088009,47,-20.93,29.0,56.59,1.45
565,Ebéjico,75,CO,1596088009,100,6.33,-75.77,59.0,4.7
565,Pingliang,24,CN,1596087778,45,35.54,106.69,81.57,9.19
565,Evanston,90,US,1596087909,78,42.04,-87.69,77.0,5.82
565,Magdagachi,29,RU,1596088011,43,53.45,125.8,86.38,6.38
565,Ghanzi,0,BW,1596088011,47,-21.57,21.78,50.2,6.22
565,Klaksvík,100,FO,1596088011,100,62.23,-6.59,44.6,11.41
565,Preobrazheniye,3,RU,1596088011,72,42.9,133.91,74.41,13.27
565,Mt. Pleasant,1,US,1596087900,83,32.79,-79.86,81.0,11.41
565,Youkounkoun,100,GN,1596088011,97,12.53,-13.13,73.42,4.63
565,Nuuk,99,GL,1596087950,93,64.18,-51.72,46.4,1.95
565,Saint-Augustin,88,CA,1596088012,85,51.23,-58.65,56.98,10.92
565,Taywarah,0,AF,1596088012,16,33.35,64.42,79.03,3.2
565,Qaqortoq,97,GL,1596088012,87,60.72,-46.03,46.4,5.82
565,Petropavlovsk-Kamchatskiy,85,RU,1596088012,53,53.05,158.65,71.6,11.18
565,Truckee,1,US,1596088012,44,39.33,-120.18,61.0,3.36
565,Iqaluit,40,CA,1596088012,82,63.75,-68.51,55.4,6.93
565,Thanh Hoa,3,VN,1596088012,49,19.8,105.77,95.4,8.23
565,Gusinoye Ozero,98,RU,1596088013,66,51.11,106.26,71.62,7.49
565,Susanville,1,US,1596088013,29,40.42,-120.65,66.2,8.05
565,Huilong,100,CN,1596088013,64,31.81,121.66,93.99,5.01
565,Opuwo,0,NA,1596088013,38,-18.06,13.84,54.18,9.62
565,Nānākuli,20,US,1596087719,61,21.39,-158.15,80.6,6.93
565,Rangāpāra,100,IN,1596088013,90,26.82,92.65,79.74,1.34
565,Zheleznodorozhnyy,75,RU,1596088013,88,55.75,38.0,70.0,6.71
565,Baruun-Urt,84,MN,1596088014,45,46.68,113.28,78.98,8.14
565,Pierre,20,US,1596087907,82,44.37,-100.35,68.0,6.93
565,Kudahuvadhoo,83,MV,1596088091,75,2.67,72.89,83.77,18.45
565,Ouadda,70,CF,1596088091,91,8.08,22.4,68.32,4.36
565,Novy Urengoy,2,RU,1596088091,47,66.08,76.63,66.36,12.44
565,Whithorn,20,JM,1596088091,83,18.26,-78.04,82.4,6.93
565,Nong Bua,22,TH,1596088091,55,15.86,100.59,93.0,5.99
565,Mangai,0,CD,1596088091,55,-4.05,19.53,74.93,1.54
565,Northam,36,GB,1596088092,92,51.03,-4.22,55.0,5.99
565,Nabire,30,ID,1596088092,67,-3.37,135.48,85.35,4.97
565,Port Hedland,0,AU,1596088092,23,-20.32,118.57,84.2,18.34
565,Chaihe,90,CN,1596088092,41,44.77,129.7,88.32,6.76
565,Whitehorse,40,CA,1596088092,72,60.72,-135.05,63.0,3.36
565,Mora,97,CM,1596088092,89,11.05,14.14,71.8,18.92
565,Quthing,0,LS,1596088093,56,-30.4,27.7,45.54,1.59
565,Camacha,75,PT,1596088093,68,33.08,-16.33,68.0,9.17
565,Jacareacanga,2,BR,1596088093,57,-6.22,-57.75,69.57,0.81
565,Xiuyan,95,CN,1596088093,70,40.29,123.27,84.42,11.54
565,Farakka,98,IN,1596088093,62,24.82,87.9,91.67,6.71
565,Pasco,68,US,1596088093,94,28.29,-82.42,75.99,4.21
565,Praia da Vitória,75,PT,1596088093,83,38.73,-27.07,75.2,17.27
565,Santa Isabel,90,BR,1596088093,93,-23.32,-46.22,57.2,3.36
565,Waddān,0,LY,1596088094,51,29.16,16.14,76.91,6.44
565,Newport,66,GB,1596088094,92,51.59,-3.0,57.99,4.65
565,Kamenka,88,RU,1596088094,45,51.32,42.77,82.0,4.0
565,Birin,90,NP,1596088094,88,26.89,88.07,80.6,2.24
565,Cockburn Town,41,TC,1596088094,77,21.46,-71.14,83.28,27.2
565,Chifeng,73,CN,1596088095,22,42.27,118.96,96.8,9.84
565,Los Llanos de Aridane,90,ES,1596088095,73,28.66,-17.92,71.6,16.11
565,Mogadishu,75,SO,1596088095,69,2.04,45.34,78.8,8.05
565,Kidal,0,ML,1596088095,43,18.44,1.41,87.04,11.01
565,Puerto Varas,100,CL,1596088095,93,-41.32,-72.99,37.4,4.7
565,Mahibadhoo,70,MV,1596088095,77,3.78,72.97,83.61,18.59
565,Tabatinga,72,BR,1596088095,93,-4.25,-69.94,72.88,0.87
565,Antequera,75,ES,1596088095,88,37.02,-4.56,78.8,5.82
565,Malanje,42,AO,1596088096,69,-9.54,16.34,56.66,3.78
565,Krasnopillya,72,UA,1596088096,81,50.77,35.26,71.42,5.7
565,Okitipupa,41,NG,1596088096,94,6.5,4.78,72.12,1.86
565,Chara,99,RU,1596088096,87,56.91,118.26,61.23,0.43
565,Russell,75,US,1596088097,94,32.35,-85.2,75.2,4.7
565,Marshall,75,US,1596088098,100,34.38,-86.33,77.0,3.49
565,Necochea,72,AR,1596088098,90,-38.55,-58.74,33.01,3.0
565,Charters Towers,0,AU,1596088098,35,-20.1,146.27,73.54,14.92
565,Dorāha,86,IN,1596088098,56,30.82,76.02,92.43,7.36
565,Bodden Town,0,KY,1596088098,87,19.28,-81.25,84.0,3.0
565,Sorsk,100,RU,1596088099,60,54.0,90.25,66.42,12.37
565,Banamba,8,ML,1596088099,86,13.55,-7.45,74.39,7.65
565,Warmbad,0,NA,1596088099,43,-28.45,18.73,52.61,7.58
565,Lata,0,PT,1596088099,87,40.16,-8.33,64.0,2.04
565,Acapulco de Juárez,76,MX,1596087823,76,16.86,-99.89,80.8,3.24
565,Safi,16,MA,1596088100,91,32.3,-9.24,68.13,13.42
565,Kristinestad,100,FI,1596088100,77,62.27,21.38,60.84,7.96
565,Innisfail,0,AU,1596088100,60,-17.53,146.03,70.21,10.18
565,Laas,40,IT,1596088100,100,46.62,10.7,59.0,3.36
565,Mataram,75,ID,1596087954,58,-8.58,116.12,86.0,18.34
565,Mitsamiouli,20,KM,1596088100,83,-11.38,43.28,77.0,12.75
565,Kampenhout,45,BE,1596088101,72,50.95,4.55,59.0,5.82
565,Lethbridge,1,CA,1596087818,72,49.7,-112.82,66.2,8.05
565,Diamantino,1,BR,1596088101,66,-14.41,-56.45,65.08,6.13
565,São Borja,0,BR,1596087996,83,-28.66,-56.0,37.87,7.76
565,Pemangkat,100,ID,1596088101,75,1.17,108.97,82.11,12.57
565,Hasaki,75,JP,1596088101,83,35.73,140.83,79.0,6.93
565,Beloha,12,MG,1596088101,71,-25.17,45.05,69.26,8.63
565,Noumea,27,NC,1596088102,61,-22.28,166.46,80.6,10.29
565,Kushima,20,JP,1596088102,88,31.46,131.23,89.6,8.05
565,Nelson Bay,40,AU,1596088102,67,-32.72,152.15,63.0,14.99
565,Rimouski,90,CA,1596088102,100,48.45,-68.52,53.6,6.93
565,Luena,0,AO,1596088103,48,-11.78,19.92,53.6,5.1
565,Bollnäs,30,SE,1596088103,98,61.35,16.39,55.99,1.01
565,Nishihara,40,JP,1596088103,70,26.18,127.76,91.4,16.11
565,Panacan,90,PH,1596088103,78,9.25,118.41,84.29,15.68
565,Kaa-Khem,59,RU,1596088103,29,51.68,94.73,80.8,3.51
565,Banda Aceh,100,ID,1596088103,63,5.56,95.32,86.52,12.75
565,Kem',100,RU,1596088103,86,64.96,34.58,56.07,15.39
565,Bafatá,100,GW,1596088104,98,12.17,-14.75,73.78,5.3
565,Severodvinsk,20,RU,1596088104,72,64.56,39.83,66.2,11.18
565,Yalutorovsk,100,RU,1596088104,83,56.65,66.3,61.36,5.86
565,Berbera,4,SO,1596087914,42,10.44,45.01,93.02,24.52
565,Sherlovaya Gora,71,RU,1596088104,63,50.57,116.25,74.84,7.54
565,Bukama,0,CD,1596088104,39,-9.2,25.85,69.84,3.62
565,Mwene-Ditu,0,CD,1596088105,32,-7.0,23.45,69.21,3.85
565,Najrān,75,SA,1596088105,69,17.49,44.13,80.6,17.22
565,Faya,100,SA,1596088105,64,18.39,42.45,69.8,5.82
565,Nago,40,JP,1596088105,63,26.59,127.98,91.4,13.87
565,San Andrés,20,CO,1596087975,79,12.58,-81.7,84.2,12.75
565,Priolo Gargallo,0,IT,1596088105,73,37.16,15.18,78.01,2.24
565,Bambanglipuro,31,ID,1596088105,55,-7.95,110.28,80.51,11.03
